1,http://www.boxofficemojo.com/movies/?id=spiderman3.htm,,
2,http://www.boxofficemojo.com/movies/?id=shrek3.htm,,
3,http://www.boxofficemojo.com/movies/?id=transformers06.htm,,
4,http://www.boxofficemojo.com/movies/?id=piratesofthecaribbean3.htm,,
5,http://www.boxofficemojo.com/movies/?id=harrypotter5.htm,,
6,http://www.boxofficemojo.com/movies/?id=iamlegend.htm,,
7,http://www.boxofficemojo.com/movies/?id=bourneultimatum.htm,,
8,http://www.boxofficemojo.com/movies/?id=nationaltreasure2.htm,,
9,http://www.boxofficemojo.com/movies/?id=alvinandthechipmunks.htm,,
10,http://www.boxofficemojo.com/movies/?id=300.htm,,
11,http://www.boxofficemojo.com/movies/?id=ratatouille.htm,,
12,http://www.boxofficemojo.com/movies/?id=simpsons.htm,,
13,http://www.boxofficemojo.com/movies/?id=wildhogs.htm,,
14,http://www.boxofficemojo.com/movies/?id=knockedup.htm,,
15,http://www.boxofficemojo.com/movies/?id=juno.htm,,
16,http://www.boxofficemojo.com/movies/?id=rushhour3.htm,,
17,http://www.boxofficemojo.com/movies/?id=diehard4.htm,,
18,http://www.boxofficemojo.com/movies/?id=fantasticfour2.htm,,
19,http://www.boxofficemojo.com/movies/?id=americangangster.htm,,
20,http://www.boxofficemojo.com/movies/?id=enchanted.htm,,
21,http://www.boxofficemojo.com/movies/?id=beemovie.htm,,
22,http://www.boxofficemojo.com/movies/?id=superbad.htm,,
23,http://www.boxofficemojo.com/movies/?id=chuckandlarry.htm,,
24,http://www.boxofficemojo.com/movies/?id=hairspray07.htm,,
25,http://www.boxofficemojo.com/movies/?id=bladesofglory.htm,,
26,http://www.boxofficemojo.com/movies/?id=oceans13.htm,,
27,http://www.boxofficemojo.com/movies/?id=ghostrider.htm,,
28,http://www.boxofficemojo.com/movies/?id=evanalmighty.htm,,
29,http://www.boxofficemojo.com/movies/?id=meettherobinsons.htm,,
30,http://www.boxofficemojo.com/movies/?id=norbit.htm,,
31,http://www.boxofficemojo.com/movies/?id=gameplan.htm,,
32,http://www.boxofficemojo.com/movies/?id=beowulf.htm,,
33,http://www.boxofficemojo.com/movies/?id=bridgetoterabithia.htm,,
34,http://www.boxofficemojo.com/movies/?id=disturbia.htm,,
35,http://www.boxofficemojo.com/movies/?id=nocountryforoldmen.htm,,
36,http://www.boxofficemojo.com/movies/?id=fredclaus.htm,,
37,http://www.boxofficemojo.com/movies/?id=1408.htm,,
38,http://www.boxofficemojo.com/movies/?id=goldencompass.htm,,
39,http://www.boxofficemojo.com/movies/?id=charliewilsonswar.htm,,
40,http://www.boxofficemojo.com/movies/?id=saw4.htm,,
41,http://www.boxofficemojo.com/movies/?id=stomptheyard.htm,,
42,http://www.boxofficemojo.com/movies/?id=surfsup.htm,,
43,http://www.boxofficemojo.com/movies/?id=halloween07.htm,,
44,http://www.boxofficemojo.com/movies/?id=whydidigetmarried.htm,,
45,http://www.boxofficemojo.com/movies/?id=tmntcg.htm,,
46,http://www.boxofficemojo.com/movies/?id=psiloveyou.htm,,
47,http://www.boxofficemojo.com/movies/?id=310toyuma.htm,,
48,http://www.boxofficemojo.com/movies/?id=sweeneytodd.htm,,
49,http://www.boxofficemojo.com/movies/?id=residentevil3.htm,,
50,http://www.boxofficemojo.com/movies/?id=musicandlyricsby.htm,,
51,http://www.boxofficemojo.com/movies/?id=arewedoneyet.htm,,
52,http://www.boxofficemojo.com/movies/?id=thischristmas.htm,,
53,http://www.boxofficemojo.com/movies/?id=michaelclayton.htm,,
54,http://www.boxofficemojo.com/movies/?id=premonition.htm,,
55,http://www.boxofficemojo.com/movies/?id=daninreallife.htm,,
56,http://www.boxofficemojo.com/movies/?id=kingdom.htm,,
57,http://www.boxofficemojo.com/movies/?id=shooter.htm,,
58,http://www.boxofficemojo.com/movies/?id=licensetowed.htm,,
59,http://www.boxofficemojo.com/movies/?id=underdog.htm,,
60,http://www.boxofficemojo.com/movies/?id=noreservations.htm,,
61,http://www.boxofficemojo.com/movies/?id=becauseisaidso.htm,,
62,http://www.boxofficemojo.com/movies/?id=avp2.htm,,
63,http://www.boxofficemojo.com/movies/?id=waterhorse.htm,,
64,http://www.boxofficemojo.com/movies/?id=epicmovie.htm,,
65,http://www.boxofficemojo.com/movies/?id=hitman07.htm,,
66,http://www.boxofficemojo.com/movies/?id=30daysofnight.htm,,
67,http://www.boxofficemojo.com/movies/?id=fracture.htm,,
68,http://www.boxofficemojo.com/movies/?id=stardust.htm,,
69,http://www.boxofficemojo.com/movies/?id=panslabyrinth.htm,,
70,http://www.boxofficemojo.com/movies/?id=braveone.htm,,
71,http://www.boxofficemojo.com/movies/?id=heartbreakkid.htm,,
72,http://www.boxofficemojo.com/movies/?id=freedomwriters.htm,,
73,http://www.boxofficemojo.com/movies/?id=smokinaces.htm,,
74,http://www.boxofficemojo.com/movies/?id=childrenofmen.htm,,
75,http://www.boxofficemojo.com/movies/?id=messengers.htm,,
76,http://www.boxofficemojo.com/movies/?id=number23.htm,,
77,http://www.boxofficemojo.com/movies/?id=goodluckchuck.htm,,
78,http://www.boxofficemojo.com/movies/?id=bean2.htm,,
79,http://www.boxofficemojo.com/movies/?id=breach.htm,,
80,http://www.boxofficemojo.com/movies/?id=zodiac07.htm,,
81,http://www.boxofficemojo.com/movies/?id=ballsoffury.htm,,
82,http://www.boxofficemojo.com/movies/?id=mrmagorium.htm,,
83,http://www.boxofficemojo.com/movies/?id=augustrush.htm,,
84,http://www.boxofficemojo.com/movies/?id=daddyslittlegirls.htm,,
85,http://www.boxofficemojo.com/movies/?id=greatdebaters.htm,,
86,http://www.boxofficemojo.com/movies/?id=28weekslater.htm,,
87,http://www.boxofficemojo.com/movies/?id=weownthenight.htm,,
88,http://www.boxofficemojo.com/movies/?id=mrbrooks.htm,,
89,http://www.boxofficemojo.com/movies/?id=hannibalrising.htm,,
90,http://www.boxofficemojo.com/movies/?id=nannydiaries.htm,,
91,http://www.boxofficemojo.com/movies/?id=mrwoodcock.htm,,
92,http://www.boxofficemojo.com/movies/?id=nancydrew.htm,,
93,http://www.boxofficemojo.com/movies/?id=mist.htm,,
94,http://www.boxofficemojo.com/movies/?id=reaping.htm,,
95,http://www.boxofficemojo.com/movies/?id=grindhouse.htm,,
96,http://www.boxofficemojo.com/movies/?id=sicko.htm,,
97,http://www.boxofficemojo.com/movies/?id=acrosstheuniverse.htm,,
98,http://www.boxofficemojo.com/movies/?id=perfectstranger.htm,,
99,http://www.boxofficemojo.com/movies/?id=hotfuzz.htm,,
100,http://www.boxofficemojo.com/movies/?id=war07.htm,,
101,http://www.boxofficemojo.com/movies/?id=mimzy.htm,,
102,http://www.boxofficemojo.com/movies/?id=amazinggrace.htm,,
103,http://www.boxofficemojo.com/movies/?id=hillshaveeyes207.htm,,
104,http://www.boxofficemojo.com/movies/?id=invisible.htm,,
105,http://www.boxofficemojo.com/movies/?id=reno911.htm,,
106,http://www.boxofficemojo.com/movies/?id=gonebabygone.htm,,
107,http://www.boxofficemojo.com/movies/?id=reignoverme.htm,,
108,http://www.boxofficemojo.com/movies/?id=vacancy.htm,,
109,http://www.boxofficemojo.com/movies/?id=georgiarule.htm,,
110,http://www.boxofficemojo.com/movies/?id=waitress.htm,,
111,http://www.boxofficemojo.com/movies/?id=becomingjane.htm,,
112,http://www.boxofficemojo.com/movies/?id=intothewild.htm,,
113,http://www.boxofficemojo.com/movies/?id=walkhard.htm,,
114,http://www.boxofficemojo.com/movies/?id=next.htm,,
115,http://www.boxofficemojo.com/movies/?id=hostel2.htm,,
116,http://www.boxofficemojo.com/movies/?id=notesonascandal.htm,,
117,http://www.boxofficemojo.com/movies/?id=easternpromises.htm,,
118,http://www.boxofficemojo.com/movies/?id=deadsilence.htm,,
119,http://www.boxofficemojo.com/movies/?id=hitcher07.htm,,
120,http://www.boxofficemojo.com/movies/?id=goldenage.htm,mynameisdoris.htm,mynameisdoris.htm
121,http://www.boxofficemojo.com/movies/?id=happilyneverafter.htm,,
122,http://www.boxofficemojo.com/movies/?id=catchandrelease.htm,,
123,http://www.boxofficemojo.com/movies/?id=alphadog.htm,,
124,http://www.boxofficemojo.com/movies/?id=arthurandtheinvisibles.htm,,
125,http://www.boxofficemojo.com/movies/?id=invasion.htm,,
126,http://www.boxofficemojo.com/movies/?id=lionsforlambs.htm,,
127,http://www.boxofficemojo.com/movies/?id=awake.htm,,
128,http://www.boxofficemojo.com/movies/?id=hotrod.htm,,
129,http://www.boxofficemojo.com/movies/?id=firehousedog.htm,,
130,http://www.boxofficemojo.com/movies/?id=lettersfromiwojima.htm,,
131,http://www.boxofficemojo.com/movies/?id=comebacks.htm,,
132,http://www.boxofficemojo.com/movies/?id=daddydaycamp.htm,,
133,http://www.boxofficemojo.com/movies/?id=volver.htm,,
134,http://www.boxofficemojo.com/movies/?id=shootemup.htm,,
135,http://www.boxofficemojo.com/movies/?id=ithinkilovemywife.htm,,
136,http://www.boxofficemojo.com/movies/?id=evening.htm,,
137,http://www.boxofficemojo.com/movies/?id=darjeelinglimited.htm,,
138,http://www.boxofficemojo.com/movies/?id=sydneywhite.htm,,
139,http://www.boxofficemojo.com/movies/?id=inthelandofwomen.htm,,
140,http://www.boxofficemojo.com/movies/?id=astronautfarmer.htm,,
141,http://www.boxofficemojo.com/movies/?id=dragonwars.htm,,
142,http://www.boxofficemojo.com/movies/?id=primeval.htm,,
143,http://www.boxofficemojo.com/movies/?id=pathfinder.htm,,
144,http://www.boxofficemojo.com/movies/?id=bratz.htm,,
145,http://www.boxofficemojo.com/movies/?id=rendition.htm,,
146,http://www.boxofficemojo.com/movies/?id=deathsentence.htm,,
147,http://www.boxofficemojo.com/movies/?id=blacksnakemoan.htm,,
148,http://www.boxofficemojo.com/movies/?id=mightyheart.htm,,
149,http://www.boxofficemojo.com/movies/?id=darkisrising.htm,,
150,http://www.boxofficemojo.com/movies/?id=cleaner.htm,,
151,http://www.boxofficemojo.com/movies/?id=deltafarce.htm,,
152,http://www.boxofficemojo.com/movies/?id=martianchild.htm,,
153,http://www.boxofficemojo.com/movies/?id=iknowwhokilledme.htm,,
154,http://www.boxofficemojo.com/movies/?id=condemned.htm,,
155,http://www.boxofficemojo.com/movies/?id=hoax.htm,,
156,http://www.boxofficemojo.com/movies/?id=pdr.htm,,
157,http://www.boxofficemojo.com/movies/?id=bug.htm,,
158,http://www.boxofficemojo.com/movies/?id=redline.htm,,
159,http://www.boxofficemojo.com/movies/?id=inthevalleyofelah.htm,,
160,http://www.boxofficemojo.com/movies/?id=curseofthegoldenflower.htm,,
161,http://www.boxofficemojo.com/movies/?id=lastlegion.htm,,
162,http://www.boxofficemojo.com/movies/?id=feelthenoise.htm,,
163,http://www.boxofficemojo.com/movies/?id=perfectholiday.htm,,
164,http://www.boxofficemojo.com/movies/?id=luckyyou.htm,,
165,http://www.boxofficemojo.com/movies/?id=whosyourcaddy.htm,,
166,http://www.boxofficemojo.com/movies/?id=aquateenhungerforce.htm,,
167,http://www.boxofficemojo.com/movies/?id=loveinthetimeofcholera.htm,,
168,http://www.boxofficemojo.com/movies/?id=lookout.htm,,
169,http://www.boxofficemojo.com/movies/?id=kickinitoldschool.htm,,
170,http://www.boxofficemojo.com/movies/?id=p2.htm,,
171,http://www.boxofficemojo.com/movies/?id=janeaustenbookclub.htm,,
172,http://www.boxofficemojo.com/movies/?id=bloodandchocolate.htm,,
173,http://www.boxofficemojo.com/movies/?id=feastoflove.htm,,
174,http://www.boxofficemojo.com/movies/?id=ultimategift.htm,,
175,http://www.boxofficemojo.com/movies/?id=thingswelostinthefire.htm,,
176,http://www.boxofficemojo.com/movies/?id=resurrectingthechamp.htm,,
177,http://www.boxofficemojo.com/movies/?id=ex.htm,,
178,http://www.boxofficemojo.com/movies/?id=gracie.htm,,
179,http://www.boxofficemojo.com/movies/?id=captivity.htm,,
180,http://www.boxofficemojo.com/movies/?id=abandoned.htm,,
181,http://www.boxofficemojo.com/movies/?id=slowburn.htm,,
182,http://www.boxofficemojo.com/movies/?id=finalseason.htm,,
183,http://www.boxofficemojo.com/movies/?id=septemberdawn.htm,,
184,http://www.boxofficemojo.com/movies/?id=skinwalkers.htm,,
185,http://www.boxofficemojo.com/movies/?id=tencommandments07.htm,,
186,http://www.boxofficemojo.com/movies/?id=brotherssolomon.htm,,
187,http://www.boxofficemojo.com/movies/?id=sarahlandon.htm,,
