1,https://www.rottentomatoes.com/m/star_wars_the_force_awakens,
2,https://www.rottentomatoes.com/m/jurassic_world,
3,https://www.rottentomatoes.com/m/avengers_age_of_ultron,
4,https://www.rottentomatoes.com/m/inside_out,
5,https://www.rottentomatoes.com/m/furious_7,
6,https://www.rottentomatoes.com/m/american_sniper,
7,https://www.rottentomatoes.com/m/minions,
8,https://www.rottentomatoes.com/m/the_hunger_games_mockingjay_-_part_2,
9,https://www.rottentomatoes.com/m/the_martian,
10,https://www.rottentomatoes.com/m/cinderella_2015,
11,https://www.rottentomatoes.com/m/spectre,
12,https://www.rottentomatoes.com/m/mission_impossible_-_rogue_nation,
13,https://www.rottentomatoes.com/m/pitch_perfect_2,
14,https://www.rottentomatoes.com/m/ant-man,
15,https://www.rottentomatoes.com/m/home_2015,
16,https://www.rottentomatoes.com/m/hotel_transylvania_2,
17,https://www.rottentomatoes.com/m/fifty_shades_of_grey,
18,https://www.rottentomatoes.com/m/the_spongebob_movie_sponge_out_of_water,
19,https://www.rottentomatoes.com/m/straight_outta_compton,
20,https://www.rottentomatoes.com/m/san_andreas,
21,https://www.rottentomatoes.com/m/mad_max_fury_road,
22,https://www.rottentomatoes.com/m/daddys_home,
23,https://www.rottentomatoes.com/m/the_divergent_series_insurgent,
24,https://www.rottentomatoes.com/m/the_peanuts_movie,
25,https://www.rottentomatoes.com/m/kingsman_the_secret_service,
26,https://www.rottentomatoes.com/m/the_good_dinosaur,
27,https://www.rottentomatoes.com/m/spy,
28,https://www.rottentomatoes.com/m/trainwreck,
29,https://www.rottentomatoes.com/m/creed,
30,https://www.rottentomatoes.com/m/tomorrowland,
31,https://www.rottentomatoes.com/m/get_hard,
32,https://www.rottentomatoes.com/m/terminator_genisys,
33,https://www.rottentomatoes.com/m/taken_3,
34,https://www.rottentomatoes.com/m/sisters,
35,https://www.rottentomatoes.com/m/alvin_and_the_chipmunks_the_road_chip,
36,https://www.rottentomatoes.com/m/maze_runner_the_scorch_trials,
37,https://www.rottentomatoes.com/m/ted_2,
38,https://www.rottentomatoes.com/m/goosebumps,
39,https://www.rottentomatoes.com/m/pixels,
40,https://www.rottentomatoes.com/m/paddington,
41,https://www.rottentomatoes.com/m/the_intern,
42,https://www.rottentomatoes.com/m/bridge_of_spies,
43,https://www.rottentomatoes.com/m/paul_blart_mall_cop_2,
44,https://www.rottentomatoes.com/m/the_big_short,
45,https://www.rottentomatoes.com/m/war_room,
46,https://www.rottentomatoes.com/m/magic_mike_xxl,
47,https://www.rottentomatoes.com/m/the_visit,
48,https://www.rottentomatoes.com/m/the_wedding_ringer,
49,https://www.rottentomatoes.com/m/black_mass,
50,https://www.rottentomatoes.com/m/vacation,
51,https://www.rottentomatoes.com/m/the_perfect_guy,
52,https://www.rottentomatoes.com/m/joy,
53,https://www.rottentomatoes.com/m/fantastic_four,
54,https://www.rottentomatoes.com/m/the_hateful_eight,
55,https://www.rottentomatoes.com/m/focus_2015,
56,https://www.rottentomatoes.com/m/southpaw,
57,https://www.rottentomatoes.com/m/insidious_chapter_3,
58,https://www.rottentomatoes.com/m/selma,
59,https://www.rottentomatoes.com/m/poltergeist_2015,
60,https://www.rottentomatoes.com/m/jupiter_ascending,
61,https://www.rottentomatoes.com/m/sicario,
62,https://www.rottentomatoes.com/m/the_man_from_u.n.c.l.e.,
63,https://www.rottentomatoes.com/m/spotlight,
64,https://www.rottentomatoes.com/m/mcfarland,_usa,
65,https://www.rottentomatoes.com/m/the_gift_2015,
66,https://www.rottentomatoes.com/m/everest_2015,
67,https://www.rottentomatoes.com/m/the_night_before,
68,https://www.rottentomatoes.com/m/krampus,
69,https://www.rottentomatoes.com/m/max_2015,
70,https://www.rottentomatoes.com/m/the_age_of_adaline,
71,https://www.rottentomatoes.com/m/brooklyn,
72,https://www.rottentomatoes.com/m/the_longest_ride,
73,https://www.rottentomatoes.com/m/the_boy_next_door,
74,https://www.rottentomatoes.com/m/pan,
75,https://www.rottentomatoes.com/m/hot_pursuit,
76,https://www.rottentomatoes.com/m/concussion_2015,
77,https://www.rottentomatoes.com/m/the_duff,
78,https://www.rottentomatoes.com/m/woman_in_gold,
79,https://www.rottentomatoes.com/m/the_second_best_exotic_marigold_hotel,
80,https://www.rottentomatoes.com/m/unfriended,
81,https://www.rottentomatoes.com/m/entourage,
82,https://www.rottentomatoes.com/m/paper_towns,
83,https://www.rottentomatoes.com/m/chappie,
84,https://www.rottentomatoes.com/m/crimson_peak,
85,https://www.rottentomatoes.com/m/a_walk_in_the_woods,
86,https://www.rottentomatoes.com/m/point_break_2015,
87,https://www.rottentomatoes.com/m/sinister_2,_caesar!
88,https://www.rottentomatoes.com/m/the_last_witch_hunter,
89,https://www.rottentomatoes.com/m/no_escape,
90,https://www.rottentomatoes.com/m/ricki_and_the_flash,
91,https://www.rottentomatoes.com/m/the_woman_in_black_2_angel_of_death,
92,https://www.rottentomatoes.com/m/run_all_night,
93,https://www.rottentomatoes.com/m/love_the_coopers,
94,https://www.rottentomatoes.com/m/the_lazarus_effect,
95,https://www.rottentomatoes.com/m/ex_machina,
96,https://www.rottentomatoes.com/m/in_the_heart_of_the_sea,
97,https://www.rottentomatoes.com/m/the_gallows,
98,https://www.rottentomatoes.com/m/hitman_agent_47,
99,https://www.rottentomatoes.com/m/project_almanac,
100,https://www.rottentomatoes.com/m/black_or_white,
101,https://www.rottentomatoes.com/m/aloha,
102,https://www.rottentomatoes.com/m/the_secret_in_their_eyes_2015,
103,https://www.rottentomatoes.com/m/shaun_the_sheep_movie,
104,https://www.rottentomatoes.com/m/still_alice,
105,https://www.rottentomatoes.com/m/paranormal_activity_the_ghost_dimension,
106,https://www.rottentomatoes.com/m/steve_jobs,
107,https://www.rottentomatoes.com/m/mr._holmes,
108,https://www.rottentomatoes.com/m/dope,
109,https://www.rottentomatoes.com/m/seventh_son,
110,https://www.rottentomatoes.com/m/monkey_kingdom,
111,https://www.rottentomatoes.com/m/the_transporter_refueled,
112,https://www.rottentomatoes.com/m/it_follows,
113,https://www.rottentomatoes.com/m/american_ultra,
114,https://www.rottentomatoes.com/m/woodlawn,
115,https://www.rottentomatoes.com/m/burnt,
116,https://www.rottentomatoes.com/m/do_you_believe?,
117,https://www.rottentomatoes.com/m/love_&_mercy,
118,https://www.rottentomatoes.com/m/strange_magic,
119,https://www.rottentomatoes.com/m/hot_tub_time_machine_2,
120,https://www.rottentomatoes.com/m/self/less,_my_name_is_doris
121,https://www.rottentomatoes.com/m/far_from_the_madding_crowd,
122,https://www.rottentomatoes.com/m/the_33,
123,https://www.rottentomatoes.com/m/foxcatcher,
124,https://www.rottentomatoes.com/m/the_gunman,
125,https://www.rottentomatoes.com/m/unfinished_business,
126,https://www.rottentomatoes.com/m/the_walk,
127,https://www.rottentomatoes.com/m/un_gallo_con_muchos_huevos,
128,https://www.rottentomatoes.com/m/inherent_vice,
129,https://www.rottentomatoes.com/m/blackhat,
130,https://www.rottentomatoes.com/m/trumbo_2015,
131,https://www.rottentomatoes.com/m/mortdecai,
132,https://www.rottentomatoes.com/m/while_were_young,
133,https://www.rottentomatoes.com/m/the_green_inferno,
134,https://www.rottentomatoes.com/m/our_brand_is_crisis_2015,
135,https://www.rottentomatoes.com/m/grandma_2015,
136,https://www.rottentomatoes.com/m/me_and_earl_and_the_dying_girl,
137,https://www.rottentomatoes.com/m/little_boy,
138,https://www.rottentomatoes.com/m/the_loft,
139,https://www.rottentomatoes.com/m/victor_frankenstein,
140,https://www.rottentomatoes.com/m/a_most_violent_year,
141,https://www.rottentomatoes.com/m/danny_collins,
142,https://www.rottentomatoes.com/m/90_minutes_in_heaven,
143,https://www.rottentomatoes.com/m/true_story,
144,https://www.rottentomatoes.com/m/irrational_man,
145,https://www.rottentomatoes.com/m/scouts_guide_to_the_zombie_apocalypse,
146,https://www.rottentomatoes.com/m/we_are_your_friends,
147,https://www.rottentomatoes.com/m/rock_the_kasbah,
148,https://www.rottentomatoes.com/m/captive_2015,
149,https://www.rottentomatoes.com/m/truth,
150,https://www.rottentomatoes.com/m/pawn_sacrifice,
151,https://www.rottentomatoes.com/m/my_all_american,
152,https://www.rottentomatoes.com/m/jem_and_the_holograms,
153,https://www.rottentomatoes.com/m/back_to_the_future_day,
154,https://www.rottentomatoes.com/m/the_letters,
155,https://www.rottentomatoes.com/m/the_diary_of_a_teenage_girl,
156,https://www.rottentomatoes.com/m/99_homes,
157,https://www.rottentomatoes.com/m/patterns_of_evidence_the_exodus,
158,https://www.rottentomatoes.com/m/the_d_train,
